	url
0	https://www.cidob.org/en/publications/publication_series/cidob_policy_brief/la_conferencia_sobre_el_futur_d_europa_una_visio_des_de_barcelona
1	https://www.cidob.org/en/publications/publication_series/opinion/2022/vias_de_continuidad_para_la_conferencia_sobre_el_futuro_de_europa
2	https://www.cidob.org/en/publications/publication_series/notes_internacionals/280/a_scramble_of_external_powers_and_local_agency_in_the_horn_of_africa
3	https://www.cidob.org/en/publications/publication_series/opinion/2022/ukraine_recovery_and_reconstruction_cities_must_be_part_of_it
4	https://www.cidob.org/en/publications/publication_series/opinion/2022/the_european_geo_political_community_more_than_meets_the_eye
5	https://www.cidob.org/en/publications/publication_series/opinion/2022/giorgia_meloni_y_la_derecha_italiana
6	https://www.cidob.org/en/publications/publication_series/cidob_international_yearbook/anuario_internacional_cidob_2022
7	https://www.cidob.org/en/publications/publication_series/notes_internacionals/279/nato_looks_south_priorities_strategies_and_instruments
8	https://www.cidob.org/en/publications/publication_series/project_papers/joint/more_integration_less_autonomy_the_eu_in_europe_s_new_order
9	https://www.cidob.org/en/publications/publication_series/project_papers/joint/indonesia_s_g20_presidency_and_the_war_in_ukraine
10	https://www.cidob.org/en/publications/publication_series/revista_cidob_d_afers_internacionals/the_digitalisation_of_the_european_union_repercussions_and_expectations
11	https://www.cidob.org/en/publications/publication_series/cidob_report/cidob_report/hybrid_threats_vulnerable_order
12	https://www.cidob.org/en/publications/publication_series/opinion/2022/how_long_will_truss_last
13	https://www.cidob.org/en/publications/publication_series/monographs/monographs/facts_from_alternative_narratives_to_citizens_true_eu_stories
14	https://www.cidob.org/en/publications/publication_series/notes_internacionals/278/la_paz_total_de_gustavo_petro_el_imperativo_de_proteger_a_los_defensores_de_los_derechos_humanos_en_colombia
15	https://www.cidob.org/en/publications/publication_series/opinion/2022/much_to_offer_and_do_the_call_for_action_of_the_u20_cities_in_jakarta_to_the_g20
16	https://www.cidob.org/en/publications/publication_series/opinion/2022/otan_2022_el_nuevo_concepto_estrategico
17	https://www.cidob.org/en/publications/publication_series/opinion/2022/el_rechazo_aboca_a_chile_a_un_proceso_constituyente_incierto
18	https://www.cidob.org/en/publications/publication_series/project_papers/joint/turkey_in_the_black_sea_is_a_balancing_act_still_possible
19	https://www.cidob.org/en/publications/publication_series/opinion/2022/el_asesinato_de_shinzo_abe_en_la_reconfiguracion_de_asia_oriental
20	https://www.cidob.org/en/publications/publication_series/documents_cidob/relations_on_thin_ice_a_narrative_analysis_of_chinese_governance_in_the_arctic
21	https://www.cidob.org/en/publications/publication_series/notes_internacionals/277/military_multifunctionality_and_democracy_a_dangerous_coexistence
22	https://www.cidob.org/en/publications/publication_series/opinion/2022/shinzo_abe_un_politico_controvertido_con_una_vision_inconclusa
23	https://www.cidob.org/en/publications/publication_series/notes_internacionals/276/as_north_african_energy_links_are_redrawn_italy_becomes_europe_s_southern_gas_hub
24	https://www.cidob.org/en/publications/publication_series/opinion/2022/after_boris_johnson_can_the_uk_regain_international_respect
25	https://www.cidob.org/en/publications/publication_series/opinion/2022/melilla_one_more_step
26	https://www.cidob.org/en/publications/publication_series/opinion/2022/brexit_thwarts_democracy_in_northern_ireland
27	https://www.cidob.org/en/publications/publication_series/opinion/2022/como_reformar_el_comercio_internacional_para_garantizar_el_acceso_universal_a_los_alimentos
28	https://www.cidob.org/en/publications/publication_series/notes_internacionals/275/lebanon_financial_crisis_or_national_collapse
29	https://www.cidob.org/en/publications/publication_series/project_papers/niem/informe_nacional_para_espana_niem_2022_sobre_el_sistema_de_acogida_e_integracion_para_solicitantes_y_beneficiarios_de_proteccion_internacional
30	https://www.cidob.org/en/publications/publication_series/project_papers/niem/integration_at_first_hand_reception_adaptation_and_integration_in_the_czech_republic_from_the_perspective_of_refugees_themselves
31	https://www.cidob.org/en/publications/publication_series/project_papers/foro_europa_cuba_jean_monet_network/cooperacion_para_las_reformas_economicas_y_el_desarrollo_sostenible
32	https://www.cidob.org/en/publications/publication_series/project_papers/foro_europa_cuba_jean_monet_network/la_relacion_cuba_ue_en_el_contexto_internacional_diagnostico_retos_y_recomendaciones
33	https://www.cidob.org/en/publications/publication_series/project_papers/joint/inventory_of_eufsp_related_public_and_elite_opinion_surveys
34	https://www.cidob.org/en/publications/publication_series/project_papers/joint/summary_of_party_positions_on_eu_foreign_security_and_defence_policy_case_studies_france_germany_greece_italy_poland_and_spain
35	https://www.cidob.org/en/publications/publication_series/project_papers/foro_europa_cuba_jean_monet_network/institutional_reform_and_social_policies_in_post_covid_cuba_an_agenda_for_cooperation
36	https://www.cidob.org/en/publications/publication_series/opinion/2022/geopolitica_y_criptomonedas_en_la_republica_centroafricana
37	https://www.cidob.org/en/publications/publication_series/opinion/2022/city_diplomacy_and_the_war_in_ukraine_towards_a_municipalism_of_blocs
38	https://www.cidob.org/en/publications/publication_series/opinion/2022/taliban_s_achilles_heel_the_leviathan_trap_in_afghanistan
39	https://www.cidob.org/en/publications/publication_series/project_papers/joint/not_yet_time_for_diplomacy_lessons_from_italy_s_ill_conceived_peace_plan_for_ukraine
40	https://www.cidob.org/en/publications/publication_series/project_papers/cascades/a_conceptual_model_of_climate_change_and_human_mobility_interactions
41	https://www.cidob.org/en/publications/publication_series/notes_internacionals/274/towards_an_ideal_network_of_cities
42	https://www.cidob.org/en/publications/publication_series/opinion/2022/guerra_digital_en_ucrania
43	https://www.cidob.org/en/publications/publication_series/opinion/2022/conflicto_hibrido_guerra_total
44	https://www.cidob.org/en/publications/publication_series/project_papers/joint/the_eu_strategic_compass_a_blueprint_for_a_european_defensive_and_securitisation_policy
45	https://www.cidob.org/en/publications/publication_series/opinion/2022/geopolitica_de_los_alimentos_la_guerra_en_ucrania_impacta_en_la_seguridad_alimentaria_de_oriente_medio
46	https://www.cidob.org/en/publications/publication_series/opinion/2022/la_democracia_tiene_un_precio_en_el_salvador
47	https://www.cidob.org/en/publications/publication_series/opinion/2022/como_acoger_a_ucrania_en_europa_el_dia_despues
48	https://www.cidob.org/en/publications/publication_series/notes_internacionals/273/becoming_global_climate_governors_how_cities_are_moving_from_climate_ambition_to_coordinated_action_and_delivery
49	https://www.cidob.org/en/publications/publication_series/project_papers/niem/the_european_benchmark_for_refugee_integration_a_comparative_analysis_of_the_national_integration_evaluation_mechanism_in_14_eu_countries
50	https://www.cidob.org/en/publications/publication_series/revista_cidob_d_afers_internacionals/political_ecology_and_human_rights_in_latin_america_one_planet_various_disputes
51	https://www.cidob.org/en/publications/publication_series/cidob_policy_brief/america_latina_en_el_escenario_pospandemia_reactivacion_y_financiacion_de_la_agenda_2030
52	https://www.cidob.org/en/publications/publication_series/notes_internacionals/271/what_role_should_southern_europe_play_after_the_pandemic_and_the_war_in_ukraine_towards_a_shared_agenda_for_eu_reform
53	https://www.cidob.org/en/publications/publication_series/project_papers/niem/data_gaps_in_refugee_integration_in_europe_a_comparative_assessment_of_data_availability_in_14_eu_countries
54	https://www.cidob.org/en/publications/publication_series/project_papers/joint/the_war_in_ukraine_and_studying_the_eu_as_a_security_actor
55	https://www.cidob.org/en/publications/publication_series/notes_internacionals/272/differentiated_integration_in_mercosur_risks_and_opportunities_for_the_association_with_the_european_union
56	https://www.cidob.org/en/publications/publication_series/opinion/2022/paradoxes_of_russia_s_war_against_ukraine_can_political_science_help
57	https://www.cidob.org/en/publications/publication_series/monographs/monographs/cuba_and_the_european_union_interregional_cooperation_and_global_insertion
58	https://www.cidob.org/en/publications/publication_series/notes_internacionals/270/elecciones_en_francia_guerra_en_europa
59	https://www.cidob.org/en/publications/publication_series/cidob_policy_brief/war_and_peace_in_the_21st_century_a_new_era_of_geopolitics_in_europe_how_can_the_eu_secure_a_new_peace_in_ukraine
60	https://www.cidob.org/en/publications/publication_series/opinion/2022/playing_the_oil_lever_the_eu_and_us_together_can_strip_moscow_of_its_oil_revenues
61	https://www.cidob.org/en/publications/publication_series/opinion/2022/la_crisis_humanitaria_de_ucrania_debe_forzar_avances_inesperados_en_el_sistema_de_asilo_europeo
62	https://www.cidob.org/en/publications/publication_series/opinion/2022/putting_decentralised_cooperation_back_on_the_euro_latin_american_agenda
63	https://www.cidob.org/en/publications/publication_series/project_papers/regin/regional_governance_and_policy_on_migrant_and_refugee_integration_the_interplay_between_regin_results_and_the_eu_action_plan_on_integration_and_inclusion
64	https://www.cidob.org/en/publications/publication_series/project_papers/joint/russia_ukraine_talks_and_the_indispensable_role_of_the_us_and_europe
65	https://www.cidob.org/en/publications/publication_series/project_papers/joint/the_eu_and_the_ukraine_war_making_sense_of_the_rise_of_a_geopolitical_union
66	https://www.cidob.org/en/publications/publication_series/opinion/2022/europe_should_avoid_two_traps_as_it_confronts_war_in_ukraine
67	https://www.cidob.org/en/publications/publication_series/opinion/2022/china_s_enlightened_authoritarianism_as_an_alternative_to_liberal_democracy
68	https://www.cidob.org/en/publications/publication_series/opinion/2022/quienes_son_mis_amigos_la_confusion_de_la_izquierda_radical_europea_en_ucrania
69	https://www.cidob.org/en/publications/publication_series/project_papers/eu_idea/flexible_defence_cooperation_in_europe_fnc_jef_and_ei2
70	https://www.cidob.org/en/publications/publication_series/project_papers/regin/migrant_integration_governance_and_outcomes_in_25_eu_regions_the_mipex_r_comparative_analysis
71	https://www.cidob.org/en/publications/publication_series/opinion/2022/why_this_refugee_crisis_is_different
72	https://www.cidob.org/en/publications/publication_series/project_papers/joint/a_joined_up_union_a_stronger_europe_a_conceptual_framework_to_investigate_eu_foreign_and_security_policy_in_a_complex_and_contested_world
73	https://www.cidob.org/en/publications/publication_series/project_papers/cascades/cascading_climate_risks_and_options_for_resilience_and_adaptation_in_the_middle_east_and_north_africa
74	https://www.cidob.org/en/publications/publication_series/project_papers/cascades/foreign_policy_implications_of_climate_change_in_focus_regions_of_european_external_action
75	https://www.cidob.org/en/publications/publication_series/notes_internacionals/269/las_politicas_exteriores_feministas_mas_alla_del_discurso
76	https://www.cidob.org/en/publications/publication_series/notes_internacionals/268/war_in_ukraine_and_the_gas_crisis_force_a_rethink_of_eu_foreign_policy
77	https://www.cidob.org/en/publications/publication_series/opinion/2022/el_efecto_putin_como_la_guerra_de_ucrania_refuerza_la_europa_geopolitica
78	https://www.cidob.org/en/publications/publication_series/opinion/2022/communicating_vessels_how_does_the_war_in_ukraine_affect_the_middle_east_and_north_africa
79	https://www.cidob.org/en/publications/publication_series/opinion/2022/europa_responde
80	https://www.cidob.org/en/publications/publication_series/project_papers/joint/europe_s_post_cold_war_order_is_no_more
81	https://www.cidob.org/en/publications/publication_series/project_papers/regin/final_publication
82	https://www.cidob.org/en/publications/publication_series/project_papers/joint/the_continued_downturn_of_us_china_relations_and_beijing_s_approach_to_the_ukraine_crisis
83	https://www.cidob.org/en/publications/publication_series/project_papers/eu_idea/external_differentiated_integration_in_justice_and_home_affairs_participation_of_the_western_balkan_countries_in_eu_agencies
84	https://www.cidob.org/en/publications/publication_series/project_papers/joint/the_return_of_us_leadership_in_europe_biden_and_the_russia_crisis
85	https://www.cidob.org/en/publications/publication_series/notes_internacionals/267/from_glasgow_to_sharm_el_sheikh_cop27_how_to_raise_climate_ambition
86	https://www.cidob.org/en/publications/publication_series/project_papers/admigov/final_report_on_the_governance_of_exit
87	https://www.cidob.org/en/publications/publication_series/project_papers/eu_idea/differentiated_integration_and_eu_outsiders_a_norwegian_view
88	https://www.cidob.org/en/publications/publication_series/project_papers/eu_idea/important_projects_of_common_european_interest_ipceis_as_a_new_form_of_differentiation_an_analysis_of_their_challenges_for_the_european_single_market
89	https://www.cidob.org/en/publications/publication_series/project_papers/bridges/eu_funded_information_campaigns_targeting_potential_migrants_state_of_the_art
90	https://www.cidob.org/en/publications/publication_series/project_papers/joint/biden_s_foreign_policy_casts_a_long_shadow
91	https://www.cidob.org/en/publications/publication_series/project_papers/joint/laying_the_groundwork_for_peace_in_a_fragmented_libya
92	https://www.cidob.org/en/publications/publication_series/opinion/2022/border_necropolitics
93	https://www.cidob.org/en/publications/publication_series/cidob_policy_brief/mipex_r_la_gobernanza_de_la_integracion_en_seis_regiones_espanolas
94	https://www.cidob.org/en/publications/publication_series/notes_internacionals/266/pandemic_and_social_protests_cities_as_flashpoints_in_the_covid_19_era
95	https://www.cidob.org/en/publications/publication_series/project_papers/joint/multi_layered_actions_sustaining_partnerships_in_the_eu_integrated_approach_to_conflicts_and_crises
96	https://www.cidob.org/en/publications/publication_series/project_papers/foro_europa_cuba_jean_monet_network/the_oas_and_the_repolitization_of_the_cuban_question_in_the_americas
97	https://www.cidob.org/en/publications/publication_series/opinion/2022/a_new_yalta_putin_s_obsession
98	https://www.cidob.org/en/publications/publication_series/project_papers/eu_idea/informal_differentiated_integration_in_eu_foreign_and_security_policy_perspectives_of_a_small_member_state
99	https://www.cidob.org/en/publications/publication_series/project_papers/cascades/looking_back_at_the_5th_european_climate_change_adaptation_conference_ecca_2021_lessons_for_adaptation_in_europe_and_beyond
100	https://www.cidob.org/en/publications/publication_series/project_papers/foro_europa_cuba_jean_monet_network/cuba_ue_espana_el_camino_loable_hacia_una_relacion_respetuosa_estable_y_a_largo_plazo
101	https://www.cidob.org/en/publications/publication_series/project_papers/joint/collateral_damage_how_eu_internal_policies_shape_crises_and_conflict_abroad
102	https://www.cidob.org/en/publications/publication_series/opinion/2021/putin_s_red_line_over_ukraine_a_new_test_of_european_and_transatlantic_resolve
103	https://www.cidob.org/en/publications/publication_series/project_papers/foro_europa_cuba_jean_monet_network/cuba_entre_america_latina_y_el_caribe_un_modelo_de_insercion_internacional_sui_generis
104	https://www.cidob.org/en/publications/publication_series/project_papers/admigov/migration_and_development_of_displaced_syrians_in_lebanon
105	https://www.cidob.org/en/publications/publication_series/project_papers/joint/four_scenarios_for_the_iran_nuclear_deal
106	https://www.cidob.org/en/publications/publication_series/project_papers/joint/the_italy_france_treaty_is_an_example_of_wise_diplomacy
107	https://www.cidob.org/en/publications/publication_series/revista_cidob_d_afers_internacionals/asylum_in_lockdown_access_to_international_protection_and_reception_in_times_of_covid_19
108	https://www.cidob.org/en/publications/publication_series/opinion/2021/zemmour_symbolises_rise_of_extreme_right_wing_media
109	https://www.cidob.org/en/publications/publication_series/project_papers/foro_europa_cuba_jean_monet_network/after_the_protests_and_the_pandemic_reassessing_the_international_profile_of_post_castro_cuba
110	https://www.cidob.org/en/publications/publication_series/project_papers/eu_idea/policy_recommendations_for_a_differentiated_union_ensuring_effectiveness_sustainability_and_democracy
111	https://www.cidob.org/en/publications/publication_series/project_papers/admigov/draft_list_of_indicators_and_guidance_notes
112	https://www.cidob.org/en/publications/publication_series/project_papers/joint/multipolarity_and_eu_foreign_and_security_policy_divergent_approaches_to_conflict_and_crisis_response
113	https://www.cidob.org/en/publications/publication_series/opinion/2021/el_nuevo_camino_que_debe_recorrer_chile
114	https://www.cidob.org/en/publications/publication_series/notes_internacionals/265/the_world_in_2022_ten_issues_that_will_shape_the_international_agenda
115	https://www.cidob.org/en/publications/publication_series/project_papers/admigov/migration_and_development_examining_the_migration_development_nexus_in_kayes_region_mali
116	https://www.cidob.org/en/publications/publication_series/project_papers/foro_europa_cuba_jean_monet_network/cuba_en_el_caribe_escenarios_post_cotonu
117	https://www.cidob.org/en/publications/publication_series/project_papers/admigov/covid_19_and_seasonal_migration_in_europe_a_comparative_analysis_of_poland_spain_the_netherlands_and_germany
118	https://www.cidob.org/en/publications/publication_series/project_papers/admigov/uncertain_illegible_incomplete_exploring_categorization_in_police_bureaucracy_of_deportable_migrants_from_denmark
119	https://www.cidob.org/en/publications/publication_series/project_papers/admigov/the_governance_of_exit_regimes_and_sustainable_reintegration_post_exit
120	https://www.cidob.org/en/publications/publication_series/cidob_policy_brief/towards_a_just_urban_transition_in_europe_the_case_of_post_pandemic_city_centre_recovery
121	https://www.cidob.org/en/publications/publication_series/project_papers/foro_europa_cuba_jean_monet_network/la_cooperacion_bilateral_ue_cuba_desafios_y_oportunidades
122	https://www.cidob.org/en/publications/publication_series/project_papers/admigov/migration_and_development_measuring_migration_aspirations_and_the_impact_of_refugee_assistance_in_turkey
123	https://www.cidob.org/en/publications/publication_series/project_papers/admigov/aspirations_decision_making_and_networks_of_eritrean_refugees_in_ethiopia
124	https://www.cidob.org/en/publications/publication_series/project_papers/niem/comparative_analysis_of_instruments_supporting_the_integration_of_pupils_under_international_protection_in_the_educational_systems_of_the_czech_republic_poland_and_hungary
125	https://www.cidob.org/en/publications/publication_series/project_papers/admigov/mali_is_my_eldorado_the_effectiveness_of_eu_funded_information_campaigns_on_migration
126	https://www.cidob.org/en/publications/publication_series/opinion/2021/climate_justice_at_cop26_in_glasgow_between_disappointment_and_tentative_hope
127	https://www.cidob.org/en/publications/publication_series/cidob_policy_brief/understanding_the_value_proposition_of_city_networks_towards_a_framework_for_measuring_impact
128	https://www.cidob.org/en/publications/publication_series/opinion/2021/los_limites_de_la_lucha_contra_la_violencia_de_genero_en_la_union_europea
129	https://www.cidob.org/en/publications/publication_series/notes_internacionals/264/las_multiples_caras_de_cachemira_o_la_historia_de_un_fracaso_colectivo
130	https://www.cidob.org/en/publications/publication_series/project_papers/bridges/the_emergence_uses_and_impacts_of_narratives_on_migration_state_of_the_art
131	https://www.cidob.org/en/publications/publication_series/project_papers/joint/not_yet_fit_for_the_world_piecemeal_buildup_of_eu_military_cyber_and_intelligence_assets
132	https://www.cidob.org/en/publications/publication_series/project_papers/joint/regional_fragmentation_and_eu_foreign_and_security_policy
133	https://www.cidob.org/en/publications/publication_series/opinion/2021/retorica_activismo_y_politicas_publicas_las_ciudades_en_la_cop_26_de_glasgow
134	https://www.cidob.org/en/publications/publication_series/opinion/2021/city_to_city_cooperation_for_more_democratic_and_inclusive_food_systems_what_has_been_achieved_and_what_remains_to_be_done
135	https://www.cidob.org/en/publications/publication_series/cidob_policy_brief/bridging_green_and_digital_agendas_in_cities_to_drive_more_ambitious_and_inclusive_transitions
136	https://www.cidob.org/en/publications/publication_series/opinion/2021/europe_could_face_strategic_shrinkage
137	https://www.cidob.org/en/publications/publication_series/notes_internacionals/263/europe_offers_a_third_way_in_the_technological_transformation
138	https://www.cidob.org/en/publications/publication_series/project_papers/bridges/historical_analysis_on_the_evolution_of_migration_and_integration_narratives_british_french_narratives_to_restrict_immigration_from_the_global_south_1960s_mid_1980s
139	https://www.cidob.org/en/publications/publication_series/project_papers/regin/regional_policy_briefs
140	https://www.cidob.org/en/publications/publication_series/project_papers/joint/european_reactions_to_aukus_and_implications_for_eu_strategic_autonomy
141	https://www.cidob.org/en/publications/publication_series/project_papers/admigov/sustainable_reintegration_post_exit
142	https://www.cidob.org/en/publications/publication_series/notes_internacionals/262/veinte_anos_de_intervencion_internacional_en_afganistan_contradicciones_y_lecciones_aprendidas
143	https://www.cidob.org/en/publications/publication_series/opinion/2021/migration_as_coercion
144	https://www.cidob.org/en/publications/publication_series/project_papers/cascades/climate_resilience_in_cities_of_the_eu_s_southern_neighbourhood_opportunities_for_the_eu_green_deal
145	https://www.cidob.org/en/publications/publication_series/project_papers/cascades/climate_change_water_and_future_cooperation_and_development_in_the_euphrates_tigris_basin
146	https://www.cidob.org/en/publications/publication_series/project_papers/admigov/eu_exit_regimes_in_practice_case_studies_from_the_netherlands_spain_germany_and_denmark
147	https://www.cidob.org/en/publications/publication_series/project_papers/eu_idea/the_impact_of_differentiation_on_eu_governance_effectiveness_sustainability_and_accountability
148	https://www.cidob.org/en/publications/publication_series/project_papers/niem/the_impact_of_coronavirus_country_measures_on_asylum_and_reception_systems_in_hungary_slovakia_and_poland
149	https://www.cidob.org/en/publications/publication_series/notes_internacionals/261/europa_y_el_mediterraneo_que_futuro_en_comun
150	https://www.cidob.org/en/publications/publication_series/notes_internacionals/260/escalating_rivalry_between_algeria_and_morocco_closes_the_maghreb_europe_pipeline
151	https://www.cidob.org/en/publications/publication_series/cidob_policy_brief/ai_ethics_in_policy_and_action_city_governance_of_algorithmic_decision_systems
152	https://www.cidob.org/en/publications/publication_series/documents_cidob/l_estat_de_la_unio_europea_crisi_i_reforma
153	https://www.cidob.org/en/publications/publication_series/notes_internacionals/259/generation_rent_in_the_wake_of_the_pandemic
154	https://www.cidob.org/en/publications/publication_series/cidob_policy_brief/from_storytelling_to_action_visions_and_proposals_from_european_citizens
155	https://www.cidob.org/en/publications/publication_series/opinion/2021/estado_de_excepcion_en_ecuador_crisis_de_seguridad_interna_y_amenaza_regional
156	https://www.cidob.org/en/publications/publication_series/opinion/2021/afganistan_aukus_y_la_autonomia_estrategica_europea
157	https://www.cidob.org/en/publications/publication_series/project_papers/joint/afghanistan_aukus_and_european_strategic_autonomy
158	https://www.cidob.org/en/publications/publication_series/project_papers/cascades/climate_change_and_violent_extremism_in_north_africa
159	https://www.cidob.org/en/publications/publication_series/project_papers/joint/identity_and_transitional_justice_in_the_horn_of_africa_and_libya
160	https://www.cidob.org/en/publications/publication_series/opinion/2021/ley_europea_de_chips_estrategia_y_diplomacia
161	https://www.cidob.org/en/publications/publication_series/project_papers/sahwa_papers/sahwa_youth_survey_2016_dataset_2021
162	https://www.cidob.org/en/publications/publication_series/project_papers/joint/conceptualising_the_multi_actor_character_of_eu_rope_s_foreign_policy
163	https://www.cidob.org/en/publications/publication_series/cidob_policy_brief/international_trade_and_economic_resilience_strategies_a_view_from_barcelona
164	https://www.cidob.org/en/publications/publication_series/notes_internacionals/258/city_led_science_diplomacy_building_urban_sustainability_and_resilience_at_the_science_policy_interface
165	https://www.cidob.org/en/publications/publication_series/cidob_international_yearbook/anuario_internacional_cidob_20212
166	https://www.cidob.org/en/publications/publication_series/project_papers/niem/the_uneven_legal_and_policy_framework_facing_persons_with_humanitarian_status_in_europe_current_gaps_and_possible_solutions_for_improving_integration_policies
167	https://www.cidob.org/en/publications/publication_series/project_papers/niem/europe_s_patchwork_of_refugee_integration_policies
168	https://www.cidob.org/en/publications/publication_series/revista_cidob_d_afers_internacionals/preventing_violent_extremism_in_europe_approaches_methods_and_strategies
169	https://www.cidob.org/en/publications/publication_series/notes_internacionals/257/ambitious_and_inclusive_transitions_in_cities_bridging_green_and_digital_agendas
170	https://www.cidob.org/en/publications/publication_series/cidob_policy_brief/from_market_good_to_social_right_shifting_approaches_to_housing_in_europe
171	https://www.cidob.org/en/publications/publication_series/notes_internacionals/256/turkey_and_the_european_union_a_difficult_but_critical_relationship
172	https://www.cidob.org/en/publications/publication_series/opinion/2021/del_gris_al_verde_hacia_un_cambio_de_paradigma_en_la_movilidad_urbana
173	https://www.cidob.org/en/publications/publication_series/project_papers/joint/the_internal_contestation_of_eu_foreign_and_security_policy
174	https://www.cidob.org/en/publications/publication_series/project_papers/eu_idea/differentiated_europe_2035_elaboration_and_evaluation_of_five_potential_scenarios
175	https://www.cidob.org/en/publications/publication_series/notes_internacionals/255/the_next_generation_eu_opportunity_and_risk
176	https://www.cidob.org/en/publications/publication_series/cidob_policy_brief/regulation_of_tourist_rental_platforms_and_post_pandemic_strategies_to_reintroduce_tourist_apartments_into_the_housing_market
177	https://www.cidob.org/en/publications/publication_series/opinion/2021/fit_for_55_dead_on_the_debate_floor
178	https://www.cidob.org/en/publications/publication_series/opinion/2021/elecciones_en_alemania_que_todo_cambie_para_que_todo_siga_igual
179	https://www.cidob.org/en/publications/publication_series/notes_internacionals/254/20_years_on_from_9_11_war_impossible_peace_improbable
180	https://www.cidob.org/en/publications/publication_series/project_papers/eu_idea/differentiated_integration_as_a_conscious_policy_choice_the_way_forward
181	https://www.cidob.org/en/publications/publication_series/opinion/2021/the_root_cause_of_western_failure_in_afghanistan
182	https://www.cidob.org/en/publications/publication_series/opinion/2021/taliban_dilemmas
183	https://www.cidob.org/en/publications/publication_series/project_papers/foro_europa_cuba_jean_monet_network/social_policies_and_institutional_reform_in_post_covid_cuba
184	https://www.cidob.org/en/publications/publication_series/opinion/2021/the_digital_services_act_and_tourist_rentals_a_challenge_or_an_opportunity_for_cities
185	https://www.cidob.org/en/publications/publication_series/opinion/2021/la_xina_la_nova_potencia
186	https://www.cidob.org/en/publications/publication_series/opinion/2021/kais_saied_gives_tunisian_democracy_a_second_chance
187	https://www.cidob.org/en/publications/publication_series/opinion/2021/brexit_is_unravelling_the_peace_process_in_northern_ireland
188	https://www.cidob.org/en/publications/publication_series/project_papers/eu_idea/eu_differentiation_in_border_asylum_and_police_cooperation_drivers_effectiveness_and_crisis
189	https://www.cidob.org/en/publications/publication_series/notes_internacionals/253/spain_and_the_maghreb_neighbourhood_nearshoring_and_the_post_pandemic
190	https://www.cidob.org/en/publications/publication_series/monographs/monographs/urban_mobility_after_covid_19_long_term_strategies_for_the_sustainable_mobility_transition_in_european_cities
191	https://www.cidob.org/en/publications/publication_series/opinion/2021/respondiendo_a_la_nueva_ruta_de_la_seda_buenas_ideas_que_requieren_mejoras
192	https://www.cidob.org/en/publications/publication_series/opinion/2021/la_ola_de_protestas_llega_a_cuba
193	https://www.cidob.org/en/publications/publication_series/opinion/2021/why_north_africa_is_slowly_decoupling_from_europe
194	https://www.cidob.org/en/publications/publication_series/cidob_report/cidob_report/geopolitica_de_la_salud_vacunas_gobernanza_y_cooperacion
195	https://www.cidob.org/en/publications/publication_series/documents_cidob/tras_el_brexit_la_adopcion_de_un_acuerdo_de_libre_movilidad_de_personas_entre_espana_y_reino_unido_como_modo_de_gestion_de_las_migraciones
196	https://www.cidob.org/en/publications/publication_series/project_papers/whole_comm/a_whole_of_community_approach_to_study_post_2014_migrants_integration_in_small_and_medium_sized_towns_and_rural_areas_state_of_the_art_concepts_theory_and_methodology
197	https://www.cidob.org/en/publications/publication_series/opinion/2021/serbia_y_la_ue_una_aproximacion_asintotica
198	https://www.cidob.org/en/publications/publication_series/project_papers/euro_mediterranean_bonds/a_moment_to_reflect_creating_euro_mediterranean_bonds_that_deliver
199	https://www.cidob.org/en/publications/publication_series/project_papers/cascades/climate_conflict_and_covid_19_how_does_the_pandemic_affect_eu_policies_on_climate_fragility
200	https://www.cidob.org/en/publications/publication_series/opinion/2021/la_batalla_de_santiago_y_la_irrupcion_de_la_izquierda_milenial_en_chile
201	https://www.cidob.org/en/publications/publication_series/opinion/2021/macron_a_story_of_lost_illusions
202	https://www.cidob.org/en/publications/publication_series/project_papers/bridges/guidelines_on_how_to_include_the_gender_perspective_in_the_analysis_of_migration_narratives
203	https://www.cidob.org/en/publications/publication_series/project_papers/cascades/climate_change_and_resilience_in_the_central_sahel
204	https://www.cidob.org/en/publications/publication_series/project_papers/cascades/climate_change_development_and_security_in_the_central_sahel
205	https://www.cidob.org/en/publications/publication_series/notes_internacionals/252/inseguridad_alimentaria_en_el_sahel_una_realidad_persistente_pero_evitable
206	https://www.cidob.org/en/publications/publication_series/documents_cidob/the_eu_non_financial_reporting_directive_and_corporate_narrative_disclosure_practices_the_case_of_the_fashion_industry
207	https://www.cidob.org/en/publications/publication_series/documents_cidob/what_s_in_a_tweet_twitter_s_impact_on_public_opinion_and_eu_foreign_affairs
208	https://www.cidob.org/en/publications/publication_series/opinion/2021/segunda_campana_de_la_fruta_en_tiempos_de_coronavirus_que_hay_de_diferente
209	https://www.cidob.org/en/publications/publication_series/opinion/2021/the_unborn_eu_diplomatic_academy
210	https://www.cidob.org/en/publications/publication_series/project_papers/admigov/eu_exit_regimes_in_practice_sustainable_return_and_reintegration_in_albania_an_interim_report_on_albania
211	https://www.cidob.org/en/publications/publication_series/project_papers/admigov/covid_19_and_the_agricultural_sector_temporary_migration_in_the_eu
212	https://www.cidob.org/en/publications/publication_series/opinion/2021/a_green_recovery_starts_in_cities
213	https://www.cidob.org/en/publications/publication_series/opinion/2021/africa_doesn_t_yearn_for_europe_rewriting_narratives_on_migration
214	https://www.cidob.org/en/publications/publication_series/opinion/2021/a_european_strategy_in_libya_an_uneasy_bargain
215	https://www.cidob.org/en/publications/publication_series/opinion/2021/les_factures_de_la_darrera_crisi_palestina_israeliana
216	https://www.cidob.org/en/publications/publication_series/opinion/2021/ceuta_the_weaponisation_of_migration
217	https://www.cidob.org/en/publications/publication_series/opinion/2021/beyond_sanctions_a_proactive_strategy_for_nord_stream_2
218	https://www.cidob.org/en/publications/publication_series/notes_internacionals/251/the_eu_and_the_eastern_mediterranean_how_to_deal_with_turkey
219	https://www.cidob.org/en/publications/publication_series/project_papers/eu_listco/responses_resilience_and_remaining_risks_in_the_eastern_neighbourhood_radicalisation_and_migration
220	https://www.cidob.org/en/publications/publication_series/project_papers/eu_listco/the_political_economy_of_areas_of_limited_statehood_insights_from_libya_and_tunisia
221	https://www.cidob.org/en/publications/publication_series/project_papers/joint/the_constraints_on_the_eu_foreign_and_security_policy
222	https://www.cidob.org/en/publications/publication_series/project_papers/joint/europe_s_naval_engagement_in_the_south_china_sea
223	https://www.cidob.org/en/publications/publication_series/project_papers/joint/europe_in_a_complex_and_contested_world_perspectives_from_the_us_china_russia_and_iran
224	https://www.cidob.org/en/publications/publication_series/opinion/2021/menores_extranjeros_en_espana_sin_educacion_sin_futuro
225	https://www.cidob.org/en/publications/publication_series/opinion/2021/victimas_y_complices_el_chantaje_fronterizo_de_ceuta
226	https://www.cidob.org/en/publications/publication_series/opinion/2021/rojo_o_verde_que_futuro_para_la_izquierda_europea
227	https://www.cidob.org/en/publications/publication_series/notes_internacionals/250/what_will_the_eu_look_like_post_pandemic_ten_challenges_for_a_europe_in_search_of_recovery
228	https://www.cidob.org/en/publications/publication_series/opinion/2021/al_qaeda_despues_de_bin_laden_descentralizacion_y_adaptacion
229	https://www.cidob.org/en/publications/publication_series/revista_cidob_d_afers_internacionals/women_and_power_from_descriptive_to_substantive_representation
230	https://www.cidob.org/en/publications/publication_series/project_papers/eu_listco/from_the_ukraine_russia_war_to_the_navalny_case_how_to_deal_with_the_kremlin
231	https://www.cidob.org/en/publications/publication_series/notes_internacionals/248/the_conference_on_the_future_of_europe_has_its_wings_clipped
232	https://www.cidob.org/en/publications/publication_series/cidob_policy_brief/unaccompanied_young_migrants_outside_reception_systems_a_diagnosis_of_the_case_of_barcelona
233	https://www.cidob.org/en/publications/publication_series/project_papers/eu_listco/the_eu_s_new_agenda_for_its_southern_neighbourhood_the_case_for_a_green_and_inclusive_review
234	https://www.cidob.org/en/publications/publication_series/project_papers/epin_2cu/the_effect_of_covid_on_eu_democracies
235	https://www.cidob.org/en/publications/publication_series/project_papers/eu_listco/new_models_in_theory_practice_exchange_the_case_of_eu_support_for_resilience_in_the_neighbourhood
236	https://www.cidob.org/en/publications/publication_series/project_papers/eu_listco/how_neoliberalism_fosters_state_capture_insights_from_tunisia
237	https://www.cidob.org/en/publications/publication_series/opinion/2021/por_que_andres_arauz_perdio_las_elecciones_en_ecuador
238	https://www.cidob.org/en/publications/publication_series/project_papers/eu_listco/in_search_of_coherence_why_the_eu_and_member_states_hardly_fostered_resilience_in_mali
239	https://www.cidob.org/en/publications/publication_series/opinion/2021/la_conferencia_sobre_el_futuro_de_europa_alcance_y_limites
240	https://www.cidob.org/en/publications/publication_series/notes_internacionals/249/enhancing_economic_cooperation_between_eu_and_maghreb_countries_algeria_morocco_and_tunisia
241	https://www.cidob.org/en/publications/publication_series/opinion/2021/la_gestion_migratoria_de_biden_tropieza_con_la_misma_piedra_que_trump_y_obama_centroamerica
242	https://www.cidob.org/en/publications/publication_series/notes_internacionals/247/keys_to_reactivating_the_eu_celac_partnership_and_channelling_the_globalisation_of_the_future
243	https://www.cidob.org/en/publications/publication_series/opinion/2021/pandemic_vaccines_and_power
244	https://www.cidob.org/en/publications/publication_series/project_papers/eu_idea/the_role_of_differentiation_in_eu_foreign_security_and_defence_policy_cooperation_with_neighbouring_countries
245	https://www.cidob.org/en/publications/publication_series/project_papers/admigov/displaced_syrians_in_lebanon_protection_amidst_crises_aub_final_report
246	https://www.cidob.org/en/publications/publication_series/project_papers/admigov/protection_during_pre_pandemic_and_covid_19_periods_in_turkey
247	https://www.cidob.org/en/publications/publication_series/cidob_policy_brief/mipex_2020_y_las_politicas_de_integracion_migrante_en_america_latina
248	https://www.cidob.org/en/publications/publication_series/opinion/2021/navalny_or_the_widening_crack_of_the_putin_regime
249	https://www.cidob.org/en/publications/publication_series/project_papers/eu_idea/the_role_of_differentiation_in_eu_foreign_security_and_defence_policy_cooperation_with_neighbouring_countries2
250	https://www.cidob.org/en/publications/publication_series/opinion/2021/corruption_in_tunisia_fish_rots_from_the_head_down_wards
251	https://www.cidob.org/en/publications/publication_series/opinion/2021/post_brexit_uk_has_not_taken_back_control_of_immigration
252	https://www.cidob.org/en/publications/publication_series/opinion/2021/how_to_advance_to_feminist_cities_after_the_pandemic
253	https://www.cidob.org/en/publications/publication_series/opinion/2021/elecciones_en_kosovo_un_voto_de_cambio_que_incomoda_a_la_ue
254	https://www.cidob.org/en/publications/publication_series/project_papers/niem/the_role_of_local_governments_in_the_integration_of_refugees_in_the_v4_countries
255	https://www.cidob.org/en/publications/publication_series/project_papers/eu_listco/taking_global_and_diffuse_risks_seriously_a_risk_clusters_typology
256	https://www.cidob.org/en/publications/publication_series/project_papers/cascades/climate_risks_in_tunisia_challenges_to_adaptation_in_the_agri_food_system
257	https://www.cidob.org/en/publications/publication_series/project_papers/admigov/legal_pathways_to_regularisation_of_illegally_staying_migrants_in_eu_member_states
258	https://www.cidob.org/en/publications/publication_series/project_papers/eu_listco/from_resilience_to_strategic_autonomy_a_shift_in_the_implementation_of_the_global_strategy
259	https://www.cidob.org/en/publications/publication_series/project_papers/cascades/climate_change_and_security_in_north_africa_focus_on_algeria_morocco_and_tunisia
260	https://www.cidob.org/en/publications/publication_series/anuario_cidob_de_la_inmigracion/immigration_in_times_of_covid_19_anuario_cidob_de_la_inmigracion_2020
261	https://www.cidob.org/en/publications/publication_series/cidob_policy_brief/precarietat_i_exclusio_residencial_en_la_poblacio_migrada_en_temps_de_covid_19
262	https://www.cidob.org/en/publications/publication_series/project_papers/niem/housing_support_for_beneficiaries_of_international_protection_in_the_czech_republic_and_the_slovak_republic
263	https://www.cidob.org/en/publications/publication_series/monographs/monographs/cities_in_global_governance_from_multilateralism_to_multistakeholderism
264	https://www.cidob.org/en/publications/publication_series/opinion/2021/revalorizar_la_accion_politica_en_el_mundo_post_pandemia
265	https://www.cidob.org/en/publications/publication_series/opinion/2021/la_ue_necesita_mas_diplomacia_digital
266	https://www.cidob.org/en/publications/publication_series/monographs/monographs/towards_a_european_green_deal_with_cities_the_urban_dimension_of_the_eu_s_sustainable_growth_strategy
267	https://www.cidob.org/en/publications/publication_series/opinion/2021/portugal_una_agenda_social_contra_la_polarizacion
268	https://www.cidob.org/en/publications/publication_series/opinion/2021/ethiopia_a_potential_de_stabilising_presence_in_the_horn_of_africa
269	https://www.cidob.org/en/publications/publication_series/project_papers/admigov/protection_in_a_hostile_environment_an_on_the_ground_study_into_protection_practices_in_lesvos_and_athens
270	https://www.cidob.org/en/publications/publication_series/notes_internacionals/246/the_cost_of_strategic_failure_in_north_west_africa
271	https://www.cidob.org/en/publications/publication_series/project_papers/eu_idea/europol_and_differentiated_integration
272	https://www.cidob.org/en/publications/publication_series/opinion/2021/living_one_tantrum_away_from_a_nuclear_strike
273	https://www.cidob.org/en/publications/publication_series/opinion/2020/los_limites_de_la_redes_sociales_del_monopolio_a_la_censura
274	https://www.cidob.org/en/publications/publication_series/project_papers/eu_idea/differentiated_integration_in_the_energy_sector_and_its_contribution_to_the_european_goals_of_affordability_security_of_supply_and_sustainability
275	https://www.cidob.org/en/publications/publication_series/project_papers/eu_idea/differentiation_in_eu_foreign_and_security_policy_eu_lead_groups_in_the_iranian_nuclear_dispute_and_the_ukraine_crisis
276	https://www.cidob.org/en/publications/publication_series/project_papers/admigov/agricultural_seasonal_workers_in_times_of_covid_19_in_spain
277	https://www.cidob.org/en/publications/publication_series/project_papers/admigov/circular_and_temporary_migration_in_poland_during_covid_19
278	https://www.cidob.org/en/publications/publication_series/project_papers/admigov/how_seasonal_agricultural_demands_for_labour_are_met_by_immigrant_workers_in_the_netherlands_and_germany
279	https://www.cidob.org/en/publications/publication_series/notes_internacionals/245/housing_in_the_digital_age_trends_and_implications
280	https://www.cidob.org/en/publications/publication_series/revista_cidob_d_afers_internacionals/the_resurgence_of_the_right_in_latin_america_new_coalitions_and_agendas
281	https://www.cidob.org/en/publications/publication_series/notes_internacionals/243/the_world_in_2021_ten_issues_that_will_shape_the_international_agenda
282	https://www.cidob.org/en/publications/publication_series/project_papers/eu_idea/brexit_the_area_of_freedom_security_and_justice_and_migration
283	https://www.cidob.org/en/publications/publication_series/monographs/monographs/geopolitics_and_trade_in_changing_times_a_view_from_barcelona
284	https://www.cidob.org/en/publications/publication_series/notes_internacionals/244/spanish_integration_policies_according_to_the_mipex_index
285	https://www.cidob.org/en/publications/publication_series/opinion/2020/la_oportunidad_de_un_cambio_historico_para_chile
286	https://www.cidob.org/en/publications/publication_series/opinion/2020/cage_islands
287	https://www.cidob.org/en/publications/publication_series/opinion/2020/more_than_enthusiasm_the_eu_the_energy_transition_and_the_energy_charter_treaty
288	https://www.cidob.org/en/publications/publication_series/opinion/2020/las_elecciones_parlamentarias_en_venezuela_una_doble_derrota
289	https://www.cidob.org/en/publications/publication_series/documents_cidob/sayyid_ali_husayn_sistani_revitalising_the_najaf_marja_iyya_in_post_2003_iraq
290	https://www.cidob.org/en/publications/publication_series/notes_internacionals/242/anxiety_in_the_west_how_to_restore_the_ideal_of_western_democracy
291	https://www.cidob.org/en/publications/publication_series/opinion/2020/el_desafio_democratico_despues_de_trump_y_mas_alla_del_trumpismo
292	https://www.cidob.org/en/publications/publication_series/notes_internacionals/241/conflict_management_in_the_donbas_the_elections_that_could_not_be
293	https://www.cidob.org/en/publications/publication_series/notes_internacionals/240/overlooked_and_underrated_the_role_of_youth_and_women_in_preventing_violent_extremism
294	https://www.cidob.org/en/publications/publication_series/project_papers/eu_idea/external_differentiation_in_migration_boosting_or_hollowing_out_the_common_eu_policy
295	https://www.cidob.org/en/publications/publication_series/project_papers/eu_idea/differentiated_integration_and_accountability_in_the_european_union_an_analytical_framework
296	https://www.cidob.org/en/publications/publication_series/opinion/2020/25_after_dayton_the_eu_and_the_accompaniment_of_bosnia_s_future
297	https://www.cidob.org/en/publications/publication_series/project_papers/eu_listco/how_populism_impacts_eu_foreign_policy
298	https://www.cidob.org/en/publications/publication_series/opinion/2020/what_role_can_eu_recovery_funds_play_in_boosting_new_approaches_to_urban_regeneration_the_case_of_spain_and_portugal
299	https://www.cidob.org/en/publications/publication_series/notes_internacionals/239/algeria_takes_a_step_forward
300	https://www.cidob.org/en/publications/publication_series/project_papers/cascades/what_can_covid_19_teach_us_about_preparing_for_climate_risks_in_europe
301	https://www.cidob.org/en/publications/publication_series/project_papers/eu_listco/resilience_and_the_eu_s_external_action_instruments_towards_multiple_sustained_and_indirect_actions
302	https://www.cidob.org/en/publications/publication_series/opinion/2020/biden_y_el_regreso_al_multilateralismo
303	https://www.cidob.org/en/publications/publication_series/notes_internacionals/238/los_balcanes_occidentales_el_largo_y_sinuoso_camino_hacia_europa
304	https://www.cidob.org/en/publications/publication_series/notes_internacionals/237/policies_of_destitution_homeless_asylum_seekers_in_europe
305	https://www.cidob.org/en/publications/publication_series/monographs/monographs/cooperation_between_the_eu_and_cuba_for_economic_and_productive_reforms_the_challenges_of_economic_reform_in_cuba
306	https://www.cidob.org/en/publications/publication_series/notes_internacionals/236/trump_vs_biden_cambio_de_lider_para_un_pais_en_cambio
307	https://www.cidob.org/en/publications/publication_series/project_papers/admigov/state_of_the_art_on_temporary_labour_migration_schemes_in_europe
308	https://www.cidob.org/en/publications/publication_series/opinion/2020/the_greek_turkish_crisis_calls_for_negotiation
309	https://www.cidob.org/en/publications/publication_series/project_papers/admigov/syrian_refugees_in_lebanon_protection_amidst_crises
310	https://www.cidob.org/en/publications/publication_series/project_papers/admigov/refugee_protection_in_turkey_during_the_first_phase_of_the_covid_19_pandemic
311	https://www.cidob.org/en/publications/publication_series/project_papers/admigov/protection_in_lesvos_during_covid_19_a_crucial_failure
312	https://www.cidob.org/en/publications/publication_series/opinion/2020/la_onu_a_los_75_hacia_un_multilateralismo_sin_hegemon
313	https://www.cidob.org/en/publications/publication_series/revista_cidob_d_afers_internacionals/international_sanctions_the_other_effects
314	https://www.cidob.org/en/publications/publication_series/opinion/2020/qualified_solidarity
315	https://www.cidob.org/en/publications/publication_series/opinion/2020/boris_johnson_s_day_of_reckoning_cannot_be_far_off
316	https://www.cidob.org/en/publications/publication_series/project_papers/foro_europa_cuba_jean_monet_network/accesibilidad_a_los_alimentos_en_cuba_situacion_actual_y_desafios
317	https://www.cidob.org/en/publications/publication_series/cidob_policy_brief/polarizacion_y_dialogo_en_las_sociedades_democraticas
318	https://www.cidob.org/en/publications/publication_series/project_papers/admigov/legal_and_operational_infrastructures_of_exit_regimes_in_the_european_union
319	https://www.cidob.org/en/publications/publication_series/opinion/2020/referendum_en_italia_reducir_el_parlamento_para_mejorar_la_democracia
320	https://www.cidob.org/en/publications/publication_series/project_papers/eu_idea/differentiation_in_asean_ecowas_and_mercosur_a_comparative_analysis
321	https://www.cidob.org/en/publications/publication_series/project_papers/eu_idea/how_does_differentiated_integration_work_in_the_eu_financial_sector_spotlight_on_banking_union
322	https://www.cidob.org/en/publications/publication_series/project_papers/admigov/dwelling_in_emergency_the_effect_of_the_covid_19_pandemic_on_syrians_displaced_in_lebanon
323	https://www.cidob.org/en/publications/publication_series/project_papers/cascades/climate_resilient_trade_and_production_the_transboundary_effects_of_climate_change_and_their_implications_for_eu_member_states
324	https://www.cidob.org/en/publications/publication_series/project_papers/eu_idea/a_differentiated_dual_track_european_union_as_a_remedy_in_times_of_crisis
325	https://www.cidob.org/en/publications/publication_series/project_papers/foro_europa_cuba_jean_monet_network/la_recepcion_de_los_tratados_internacionales_en_cuba_a_la_luz_de_la_constitucion_de_2019
326	https://www.cidob.org/en/publications/publication_series/opinion/2020/are_we_heading_for_a_green_post_covid_recovery_in_europe_s_cities_the_signs_say_yes
327	https://www.cidob.org/en/publications/publication_series/project_papers/foro_europa_cuba_jean_monet_network/quien_me_va_a_cuidar_envejecimiento_y_regimen_de_cuidados_en_cuba_un_reto_para_las_reformas_de_las_politicas_sociales
328	https://www.cidob.org/en/publications/publication_series/project_papers/foro_europa_cuba_jean_monet_network/being_becoming_professional_emerging_work_practices_and_the_politics_of_cultural_heritage_in_light_of_legislative_change_in_cuba_an_ethnographic_approach
329	https://www.cidob.org/en/publications/publication_series/opinion/2020/belt_and_road_cities_begin_to_find_their_form
330	https://www.cidob.org/en/publications/publication_series/project_papers/eu_idea/the_european_asylum_system_a_necessary_case_of_differentiation
331	https://www.cidob.org/en/publications/publication_series/cidob_policy_brief/building_a_euro_mediterranean_partnership_with_not_for_cities
332	https://www.cidob.org/en/publications/publication_series/project_papers/foro_europa_cuba_jean_monet_network/neither_plan_nor_market_problems_and_coherence_of_the_gradualist_reform_approach
333	https://www.cidob.org/en/publications/publication_series/project_papers/foro_europa_cuba_jean_monet_network/deliberation_in_the_process_of_constitutional_reform_cuba_in_comparative_context
334	https://www.cidob.org/en/publications/publication_series/opinion/2020/la_postpandemia_i_l_etica_de_la_precaucio
335	https://www.cidob.org/en/publications/publication_series/notes_internacionals/n1_234/some_international_players_have_a_strategy_in_libya_others_not
336	https://www.cidob.org/en/publications/publication_series/notes_internacionals/n1_235/las_relaciones_culturales_internacionales_de_la_ue_y_la_necesidad_de_incorporar_a_las_ciudades
337	https://www.cidob.org/en/publications/publication_series/project_papers/epin_2cu/member_states_expectations_towards_the_german_council_presidency
338	https://www.cidob.org/en/publications/publication_series/project_papers/eu_listco/state_religious_institutions_in_the_mena_can_they_prevent_violent_radicalization
339	https://www.cidob.org/en/publications/publication_series/cidob_international_yearbook/anuario_internacional_cidob_2020_nueva_epoca_perfil_de_pais_alemania
340	https://www.cidob.org/en/publications/publication_series/project_papers/foro_europa_cuba_jean_monet_network/governance_challenges_in_contemporary_cuba_social_policies_and_the_un_s_sustainable_development_goals
341	https://www.cidob.org/en/publications/publication_series/project_papers/eu_listco/global_and_diffuse_risks_in_the_eastern_partnership_countries_potential_impacts_on_eu_security
342	https://www.cidob.org/en/publications/publication_series/project_papers/eu_idea/brexit_and_external_differentiation_in_single_market_access
343	https://www.cidob.org/en/publications/publication_series/project_papers/epin_2cu/coronationalism_vs_a_geopolitical_europe_eu_external_solidarity_at_the_time_of_covid_19
344	https://www.cidob.org/en/publications/publication_series/cidob_report/cidob_report/cities_on_the_frontline_managing_the_coronavirus_crisis
345	https://www.cidob.org/en/publications/publication_series/notes_internacionals/n1_233/es_espana_realmente_lgtbi_friendly_con_las_personas_refugiadas_las_deficiencias_del_sistema_de_asilo_espanol_para_el_colectivo_lgtbi
346	https://www.cidob.org/en/publications/publication_series/project_papers/niem/sobre_los_solicitantes_y_beneficiarios_de_proteccion_internacional_informe_nacional_para_espana_niem_2020
347	https://www.cidob.org/en/publications/publication_series/opinion/2020/refugio_sin_casa_crisis_de_acogida_y_vivienda_en_cataluna
348	https://www.cidob.org/en/publications/publication_series/opinion/2020/el_asilo_confinado
349	https://www.cidob.org/en/publications/publication_series/monographs/monographs/casa_nostra_casa_vostra_condicions_i_trajectories_d_acces_a_l_habitatge_de_sol_licitants_d_asil_i_refugiats_a_catalunya
350	https://www.cidob.org/en/publications/publication_series/project_papers/eu_listco/protracted_conflicts_in_the_eu_s_neighbourhood_does_resilience_applies
351	https://www.cidob.org/en/publications/publication_series/project_papers/foro_europa_cuba_jean_monet_network/pueden_las_empresas_estatales_cubanas_pagar_mayores_salarios
352	https://www.cidob.org/en/publications/publication_series/notes_internacionals/n1_232/from_risk_to_opportunity_local_governance_in_the_southern_mediterranean
353	https://www.cidob.org/en/publications/publication_series/project_papers/eu_idea/uniformity_and_differentiation_in_the_fundamentals_of_eu_membership_the_eu_rule_of_law_acquis_in_the_pre_and_post_accession_contexts
354	https://www.cidob.org/en/publications/publication_series/opinion/2020/the_european_union_as_the_centre_of_gravity_of_the_economic_and_political_strategies_to_end_the_crisis
355	https://www.cidob.org/en/publications/publication_series/project_papers/foro_europa_cuba_jean_monet_network/alianzas_publico_privadas_en_cuba_retos_y_posibilidades
356	https://www.cidob.org/en/publications/publication_series/opinion/mediterraneo_y_oriente_medio/economy_should_take_centre_stage_in_eu_s_security_links_with_north_africa
357	https://www.cidob.org/en/publications/publication_series/project_papers/foro_europa_cuba_jean_monet_network/insercion_externa_y_crecimiento_de_la_economia_cubana
358	https://www.cidob.org/en/publications/publication_series/project_papers/eu_idea/european_defence_and_pesco_don_t_waste_the_chance
359	https://www.cidob.org/en/publications/publication_series/opinion/seguridad_y_politica_mundial/coronavirus_in_africa_the_same_old_story
360	https://www.cidob.org/en/publications/publication_series/opinion/europa/solidarity_and_coronavirus_the_end_of_naive_europeanism
361	https://www.cidob.org/en/publications/publication_series/revista_cidob_d_afers_internacionals/disinformation_and_power_the_intermediaries_crisis
362	https://www.cidob.org/en/publications/publication_series/opinion/seguridad_y_politica_mundial/covid_19_and_terrorism_when_the_exception_locks_down_the_rule
363	https://www.cidob.org/en/publications/publication_series/opinion/europa/covid_19_why_eu_solidarity_should_extend_to_its_neighbours
364	https://www.cidob.org/en/publications/publication_series/project_papers/epin_2cu/deliberative_democracy_in_the_eu_countering_populism_with_participation_and_debate
365	https://www.cidob.org/en/publications/publication_series/notes_internacionals/n1_231/lessons_from_a_global_crisis_coronavirus_the_international_order_and_the_future_of_the_eu
366	https://www.cidob.org/en/publications/publication_series/project_papers/epin_2cu/eu_crisis_response_in_tackling_covid_19_views_from_the_member_states
367	https://www.cidob.org/en/publications/publication_series/opinion/europa/bojo_s_coronavirus_fall_out
368	https://www.cidob.org/en/publications/publication_series/opinion/america_latina/desigualdad_en_america_latina_frente_a_la_crisis_del_coronavirus
369	https://www.cidob.org/en/publications/publication_series/notes_internacionals/n1_229/international_support_for_venezuelan_democracy_process_the_role_of_the_european_union
